metric	value
sample	k562r_single_bead_01
selection_method	smallest_blake2b_read_id_hashes
selection_seed	magnifind-seq-study-example-v1
source_r1_sha256	0925c183da966927fc80d5803045f5a436e50d16dc1ec8da65e2d7d25f90d0ec
source_r2_sha256	29f5d68024d90ab621b3b38f2d80819fd98f81c47600bf65ac6478e39c5fb5ee
source_total_read_pairs	1898980
source_complete_tso_umi_pairs	1835644
selected_read_pairs	50000
selected_complete_tso_umi_pairs	48282
tso_sequence	TTGCGCAATG
umi_length	8
output_r1_sha256	27b7f8f65146ba0eb8eca770b941b298b77612bf98cbee1881169fb902a45544
output_r2_sha256	d801d08ac513dcd51d9d687c8615b6bd7c65590894defbf1440ebf3717f495bc
